Static Window,Total time taken before checkpointing,Number of checkpoints,Total time taken after checkpointing
Static Window 1, 46195.27997458069, 399, 52180.27997458069
Static Window 2, 46970.590944808864, 199, 49955.590944808864
Static Window 3, 47880.17876125451, 133, 49875.17876125451
Static Window 4, 50574.74648368374, 99, 52059.74648368374
Static Window 5, 50863.57542578313, 79, 52048.57542578313
Static Window 6, 51787.42560532594, 66, 52777.42560532594
Static Window 7, 55054.509896360505, 57, 55909.509896360505
Static Window 8, 56611.79980463157, 49, 57346.79980463157
Static Window 9, 58099.97635820614, 44, 58759.97635820614